{
    "prepare_queue": {
        "installed": [],
        "uninstalled": []
    },
    "config_munge": {
        "files": {}
    },
    "installed_plugins": {
        "cordova.plugins.diagnostic": {
            "PACKAGE_NAME": "com.phonegap.helloworld"
        },
        "cordova-plugin-geolocation": {
            "PACKAGE_NAME": "com.phonegap.helloworld"
        },
        "cordova-plugin-device-motion": {
            "PACKAGE_NAME": "com.phonegap.helloworld"
        },
        "cordova-plugin-whitelist": {
            "PACKAGE_NAME": "com.phonegap.helloworld"
        }
    },
    "dependent_plugins": {},
    "modules": [
        {
            "file": "plugins/cordova-plugin-device-motion/www/Acceleration.js",
            "id": "cordova-plugin-device-motion.Acceleration",
            "pluginId": "cordova-plugin-device-motion",
            "clobbers": [
                "Acceleration"
            ]
        },
        {
            "file": "plugins/cordova-plugin-device-motion/www/accelerometer.js",
            "id": "cordova-plugin-device-motion.accelerometer",
            "pluginId": "cordova-plugin-device-motion",
            "clobbers": [
                "navigator.accelerometer"
            ]
        },
        {
            "file": "plugins/cordova-plugin-device-motion/src/browser/AccelerometerProxy.js",
            "id": "cordova-plugin-device-motion.AccelerometerProxy",
            "pluginId": "cordova-plugin-device-motion",
            "runs": true
        }
    ],
    "plugin_metadata": {
        "cordova.plugins.diagnostic": "3.7.2",
        "cordova-plugin-geolocation": "3.0.0",
        "cordova-plugin-device-motion": "1.2.5",
        "cordova-plugin-whitelist": "1.3.3"
    }
}